STT,Khoản mục BCTC,Báo cáo,"Giải thích, ý nghĩa, ví dụ",Phương thức kiểm tra / điều kiện đảm bảo,Mẫu kiểm toán,Bằng chứng,Loại sai sót cơ bản / thường gặp / nâng cao,Cách khắc phục,Mức độ (Trọng yếu/Không trọng yếu)
1,Tiền (Mã 111),B01 – BCĐKT (TS ngắn hạn),"Thanh khoản tức thời: tiền mặt, TGNH KKOH, tiền đang chuyển. VD: quỹ TM; TK VCB VND/USD.","Đối chiếu 3 chiều; xác nhận 100% NH; kiểm quỹ bất ngờ; đánh giá lại NT; cut-off UNC; assertions: Hiện hữu, Quyền, Đầy đủ, Đánh giá, Trình bày.",100% TKNH; toàn bộ quỹ TM trọng yếu; bút toán lớn gần khóa sổ.,Thư xác nhận NH; sao kê; BB kiểm quỹ; UNC; bảng tỷ giá.,"Cơ bản: sai cộng/nhầm quỹ. Thường gặp: không ĐG lại NT; tiền phong tỏa vẫn để trong Tiền. Nâng cao: kiting, lapping, sao kê giả, chiếm dụng.",Điều chỉnh số dư/tỷ giá; tách hạn chế SD; ghi thiếu hụt; thông báo Ban QT nếu gian lận.,TW-Cao + Định tính
2,Các khoản tương đương tiền (Mã 112),B01 – BCĐKT,"Đầu tư ≤3 tháng từ ngày mua, dễ chuyển tiền, rủi ro giá trị không đáng kể. VD: TGCK 1 tháng.",Kiểm HĐ/kỳ hạn; đúng định nghĩa VAS; không gộp TGCK 6–12 tháng.,100% khoản xếp vào 112.,HĐ tiền gửi; xác nhận NH; lịch đáo hạn.,Cơ bản: nhầm TK. Thường gặp: xếp TGCK >3 tháng vào 112. Nâng cao: cố ý làm đẹp thanh khoản.,Chuyển 123/255; thuyết minh lại.,TW-Cao (phân loại)
3,Chứng khoán kinh doanh (Mã 121),B01 – BCĐKT,CK nắm giữ bán lãi ngắn hạn. VD: CP niêm yết.,Xác nhận lưu ký/CTCK; quyền sở hữu; định giá TT; khớp lãi/lỗ 515/635.,100% nếu ít mã; mẫu theo GT nếu danh mục lớn.,Sao kê custodial; bảng giá TT; HĐ mua bán.,Cơ bản: sai SL. Thường gặp: giá nội bộ. Nâng cao: CK không thuộc sở hữu; thao túng giá bên liên quan.,Điều chỉnh SL/giá; bổ sung DP 122.,TW-TB
4,Dự phòng giảm giá CKKD (Mã 122),B01 – BCĐKT,Điều chỉnh 121 về giá thấp hơn TT (ghi âm).,"Tính lại max(0, gốc−TT); đối chiếu chính sách.",100% mã giá giảm.,Bảng tính DP; giá TT.,Cơ bản: sai CT. Thường gặp: không trích. Nâng cao: bỏ DP để tăng LN.,Bổ sung DP; tăng CP TC.,TW-TB
5,Đầu tư HTM ngắn hạn (Mã 123),B01 – BCĐKT,TGCK/TP kỳ hạn còn lại ≤12 tháng (không gồm TĐT). VD: TGCK 9 tháng.,Ý định & khả năng nắm giữ đến ĐH; HĐ; xác nhận NH; lãi dự thu; PL NH/DH.,100% hoặc key items >PM.,HĐ; xác nhận NH; lịch ĐH.,Cơ bản: nhầm kỳ hạn. Thường gặp: nhầm 112↔123. Nâng cao: taint HTM.,Phân loại lại; TM.,TW-TB
6,Phải thu ngắn hạn của KH (Mã 131),B01 – BCĐKT,Quyền thu từ bán hàng/DV đã ghi DT. VD: công nợ NPP. Liên kết chất lượng DT.,Aging; thư xác nhận; subsequent collection; vouching HĐ+xuất kho+BBNT; DP; cut-off với DT.,Key items; quá hạn & bên LQ 100%; mẫu MUS phần còn lại.,Thư XN; UNC thu sau kỳ; HĐ; vận đơn; BBNT.,Cơ bản: sai đối tượng. Thường gặp: thiếu DP; công nợ âm. Nâng cao: PT từ DT giả; bill-and-hold; channel stuffing; round-tripping.,Giảm PT/DT; bổ sung DP; TM cầm cố PT.,TW-Cao
7,Trả trước cho người bán NH (Mã 132),B01 – BCĐKT,Đã trả tiền chưa nhận HH/DV. VD: ứng trước máy nhập khẩu.,HĐ; tiến độ; BB nhận sau kỳ; XN NCC; khả năng thu hồi.,100% lớn/treo >6–12 tháng; mẫu còn lại.,HĐ; UNC chi; BB giao hàng; thư NCC.,Cơ bản: sai NH/DH. Thường gặp: đã nhận hàng vẫn treo. Nâng cao: ứng công ty ma/bên LQ rút tiền.,Kết chuyển tồn/TSCĐ/CP hoặc PT khác; lập DP.,TW-TB + Định tính nếu bên LQ
8,Phải thu nội bộ NH (Mã 133),B01 – BCĐKT,Thanh toán nội bộ cấp trên–phụ thuộc (ngoài giao vốn).,Đối chiếu 2 chiều; bù trừ khi BCTC tổng hợp.,100% đối chiếu nội bộ.,Bảng ĐC nội bộ; sổ 136.,Cơ bản: lệch 2 bên. Thường gặp: không bù trừ → thổi TS&nợ. Nâng cao: che GD ngoài bằng nội bộ.,Bù trừ; ĐC BCTC tổng hợp.,TW-TB (khi tổng hợp)
9,Phải thu theo tiến độ HĐXD (Mã 134),B01 – BCĐKT,DT theo tiến độ > số đã xuất HĐ. VD: nhà thầu XD.,% hoàn thành; BB khối lượng; tính lại DT VAS 15; HĐ.,100% HĐ >PM; mẫu còn lại.,HĐXD; BB khối lượng; hồ sơ KT; bảng tính DT.,Cơ bản: sai số học. Thường gặp: % HT lạc quan. Nâng cao: đẩy tiến độ ảo.,ĐC DT & PT; cập nhật TM.,TW-Cao
10,Phải thu về cho vay NH (Mã 135),B01 – BCĐKT,Cho vay theo khế ước ≤12 tháng.,Khế ước; XN bên vay; TSĐB; lãi dự thu; thu hồi; TM bên LQ.,100% nếu ít; key items.,HĐ vay; XN; TSĐB; UNC lãi.,"Cơ bản: quên lãi. Thường gặp: không tách NH/DH. Nâng cao: vay bên LQ lãi phi TT, không công bố.",Ghi lãi/DP; bổ sung TM.,TW-TB + Định tính
11,Phải thu ngắn hạn khác (Mã 136),B01 – BCĐKT,"Tạm ứng, ký quỹ NH, chi hộ, PT lãi…",Chi tiết tiểu khoản; tạm ứng quá hạn; XN ký quỹ.,100% tạm ứng lớn/quá hạn; mẫu còn lại.,Giấy tạm ứng; quyết toán; HĐ ký quỹ.,Cơ bản: nhầm TK. Thường gặp: tạm ứng treo nhiều năm. Nâng cao: che CP cá nhân/rút tiền.,Quyết toán/thu hồi; chuyển CP; DP.,TW-TB
12,Dự phòng phải thu NH khó đòi (Mã 137),B01 – BCĐKT,Giảm PT về mức có thể thu hồi (ghi âm).,TT48/chính sách; aging; back-test; kiện tụng/phá sản.,100% nhóm quá hạn trọng yếu.,Aging; QĐ trích DP; hồ sơ khởi kiện.,Cơ bản: sai nhóm tuổi. Thường gặp: trích thiếu. Nâng cao: dưới DP tăng LN; big bath.,Bổ sung/hoàn nhập DP có căn cứ.,TW-Cao (judgmental)
13,Hàng tồn kho (Mã 141),B01 – BCĐKT,"NVL, CCDC, TP, HH, SXDD ngắn hạn… VD: TP trong kho.",Chứng kiến kiểm kê VSA 501; test count; giá gốc; NRV; cut-off; hàng giữ hộ/gửi bán.,Kiểm kê HT; mẫu MH lớn/chậm LT; mẫu phiếu xuất; cut-off ±5–7 ngày.,BB kiểm kê; phiếu đếm KTV; HĐ mua; giá thành; giá bán.,Cơ bản: sai ĐVT. Thường gặp: không loại hàng giữ hộ; thiếu DP. Nâng cao: thổi SL/giá thành; không xuất kho tương ứng DT.,ĐC SL/GT; bổ sung DP 149; chỉnh GV/DT.,TW-Cao
14,Dự phòng giảm giá HTK (Mã 149),B01 – BCĐKT,Đưa tồn về NRV khi NRV < giá gốc.,Giá gốc vs giá bán thuần−CP bán; hàng lỗi thời.,100% nhóm rủi ro; mẫu SKU lớn.,Bảng NRV; giá bán; HĐ bán sau kỳ.,Cơ bản: sai NRV. Thường gặp: không trích hàng cũ. Nâng cao: bỏ DP giữ biên gộp.,Bổ sung DP; tăng GV/CP.,TW-Cao
15,Chi phí trả trước NH (Mã 151),B01 – BCĐKT,Trả trước HH/DV ≤12 tháng; CCDC phân bổ ngắn. VD: thuê kho trả trước 6 tháng.,Chứng từ; lịch phân bổ; không đậu CP thuần túy.,Key items; 100% PS lớn cuối kỳ.,HĐ; HĐ; bảng phân bổ.,Cơ bản: sai kỳ PB. Thường gặp: PB chậm. Nâng cao: parking CP tăng LN.,Chuyển CP đúng kỳ.,TW-TB
16,Thuế GTGT được khấu trừ (Mã 152),B01 – BCĐKT,Thuế đầu vào còn được khấu trừ.,ĐC tờ khai GTGT; HĐ hợp lệ; rủi ro HĐ rasch.,Mẫu HĐ đầu vào lớn; ĐC 100% tờ khai nếu R cao.,Tờ khai; HĐĐT; BB thanh tra thuế.,Cơ bản: sai kỳ KK. Thường gặp: khấu trừ HĐ không hợp lệ. Nâng cao: mua HĐ khống.,Loại số không hợp lệ; tăng thuế/CP.,TW-TB + Định tính
17,Thuế & khoản khác phải thu NSNN (Mã 153),B01 – BCĐKT,"Thuế nộp thừa, chờ hoàn.",Quyết toán; hồ sơ hoàn thuế; khả năng thu hồi.,100% khoản TW.,Giấy nộp thuế; QĐ hoàn thuế.,Cơ bản: nhầm PT/phải nộp. Thường gặp: ghi hoàn chưa chắc chắn. Nâng cao: thổi phải thu NSNN.,ĐC theo XN CQT; TM.,TW-Thấp đến TB
18,Giao dịch mua bán lại TPCP (Mã 154),B01 – BCĐKT,Repo TPCP phía tài sản.,Đọc HĐ repo; đúng bản chất.,100% GD.,HĐ repo; XN; chứng từ TT.,Cơ bản: hạch toán nhầm. Thường gặp: sai bản chất vay/mua. Nâng cao: che đòn bẩy.,PL lại TS/nợ; TM.,TW-TB (nếu có)
19,TS ngắn hạn khác (Mã 155),B01 – BCĐKT,TS ngắn hạn ngoài chỉ tiêu trên.,Bản chất KT; khả năng thu hồi ≤12 tháng.,100% nếu SD đáng kể.,Chứng từ gốc; giải trình.,Cơ bản: túi chứa không giải thích. Thường gặp: CP/TS không PL. Nâng cao: che khoản không thu hồi.,Tái PL hoặc chuyển CP/DP.,TW-Thấp (trừ số lớn)
20,Phải thu dài hạn của KH (Mã 211),B01 – TS dài hạn,PT kỳ hạn thu hồi >12 tháng. VD: bán trả chậm.,Như 131 + lịch thu; chiết khấu nếu trọng yếu; tái PL phần ≤12 tháng →131.,Key items / 100% nếu ít.,HĐ trả chậm; XN; lịch thu.,Cơ bản: không tách đến hạn. Thường gặp: không chiết khấu. Nâng cao: xếp DH dù khách yếu.,Tái PL; DP; ĐC giá trị.,TW-TB
21,Trả trước NCC dài hạn (Mã 212),B01 – TS dài hạn,Ứng trước thời hạn >12 tháng.,HĐ dài hạn; tiến độ; khả năng nhận hàng/thu hồi.,100% khoản lớn.,HĐ; chứng từ chi; báo cáo tiến độ.,Như 132; rủi ro dự án treo.,Kết chuyển/DP/TM.,TW-TB
22,Vốn KD ở đơn vị trực thuộc (Mã 213),B01 (cấp trên),Vốn giao đơn vị phụ thuộc; tổng hợp phải bù trừ.,ĐC với 334/411 đơn vị dưới; bù trừ tổng hợp.,100%.,QĐ giao vốn; sổ 1361; BCTC đơn vị dưới.,Thường gặp/nâng cao: không bù trừ → thổi TS.,Bù trừ đúng TT200.,TW-TB
23,TSCĐ hữu hình (221=222+223),B01 – TS dài hạn,"TSHH dùng >1 năm; GTCL. VD: nhà xưởng, dây chuyền.",Sổ chi tiết↔sổ cái; hiện vật; vouching mua; vốn hóa vs SC; tính lại KH; thanh lý; thế chấp; impairment.,Key assets; 100% mua/bán TW trong kỳ; mẫu tính KH; quan sát HT.,HĐ mua; BBNT; thẻ TSCĐ; bảng KH; BB thanh lý.,Cơ bản: sai nguyên giá. Thường gặp: vốn hóa SC thường xuyên; KH sai. Nâng cao: TSCĐ khống; kéo dài thời gian KH.,ĐC NG/KH/CP; loại TS không hiện hữu; TM thế chấp.,TW-Cao
24,TSCĐ thuê tài chính (224–226),B01 – TS dài hạn,Thuê chuyển phần lớn rủi ro/lợi ích.,Phân biệt thuê TC vs HĐ; ghi nhận nợ thuê; KH đúng.,100% HĐ thuê TW.,HĐ thuê; lịch TT; sổ 212/341.,Thường gặp: xếp nhầm. Nâng cao: ngoài bảng giảm nợ.,Ghi nhận đúng bản chất; TM.,TW-TB
25,TSCĐ vô hình (227–229),B01 – TS dài hạn,"Quyền SD đất, phần mềm, patent…",Quyền sở hữu; ĐK vốn hóa; phân bổ; không vốn hóa R&D thuần túy nếu thiếu ĐK.,100% khoản lớn/mới.,GCN; HĐ; bảng phân bổ.,Thường gặp: vốn hóa CP thiếu ĐK. Nâng cao: thổi giá nội bộ.,Chuyển CP; ĐC phân bổ.,TW-TB
26,Bất động sản đầu tư (230–232),B01 – TS dài hạn,BĐS cho thuê hoặc chờ tăng giá.,Quyền SH; tách vs TSCĐ tự dùng/hàng BĐS; KH phần cho thuê; suy giảm.,100% hoặc theo dự án.,Sổ đỏ; HĐ thuê; BB định giá.,Thường gặp: PL sai để đổi KH. Nâng cao: thổi giá/che BĐS ứ đọng.,Tái PL; DP/suy giảm; TM.,TW-TB đến Cao
27,CPSXKD dở dang dài hạn (Mã 241),B01 – TS dài hạn,SXDD vượt chu kỳ KD (vd. dự án BĐS chậm).,Tiến độ thực tế; khả năng HT; NRV/DP; không che lỗ.,100% dự án TW.,Hồ sơ dự án; GPXD; tiến độ; giá thành.,Thường gặp: không DP dự án treo. Nâng cao: vốn hóa CP kỳ vào dở dang.,DP hoặc chuyển CP; TM rủi ro.,TW-Cao
28,Chi phí XDCB dở dang (Mã 242),B01 – TS dài hạn,Mua sắm/XDCB/SC lớn dở dang.,Hồ sơ ĐT; nghiệm thu; lãi vay vốn hóa đúng; không treo mãi.,100% công trình lớn; mẫu chứng từ chi.,QĐ ĐT; HĐ thầu; BBNT; bảng vốn hóa lãi.,Thường gặp: vốn hóa lãi sai; chậm QT. Nâng cao: đậu CP vận hành vào XDCB.,Chuyển TSCĐ hoặc CP; ĐC lãi VH.,TW-Cao
29,Đầu tư CT con/LD-LK/góp vốn (251–253),B01 – TS dài hạn,Đầu tư VCSH dài hạn theo mức kiểm soát/ảnh hưởng.,Tỷ lệ SH; quyền KS; giá gốc; BCTC bên nhận; bên LQ.,100% khoản TW.,ĐKDN bên nhận; HĐ góp vốn; BCTC; BB ĐHĐCĐ.,Thường gặp: PL sai con/LK. Nâng cao: góp vốn thổi giá; không công bố quan hệ.,ĐC PL/giá; TM; xét hợp nhất.,TW-Cao
30,Dự phòng đầu tư TCDH (Mã 254),B01 – TS dài hạn,Tổn thất do bên nhận ĐT lỗ/mất vốn.,ĐC LN/VCSH bên nhận; tính DP; back-test.,100% khoản lỗ.,BCTC bên nhận; bảng tính DP.,Thường gặp: không trích khi CT con lỗ. Nâng cao: bỏ DP giữ LN/TS.,Bổ sung DP; tăng CP.,TW-Cao
31,Đầu tư HTM dài hạn (Mã 255),B01 – TS dài hạn,TGCK/TP kỳ hạn còn lại >12 tháng.,HĐ; khả năng nắm giữ; lãi; tách vs cho vay 215.,Key items/100%.,HĐ; xác nhận NH.,Nhầm NH/DH; nhầm TĐT.,Tái PL; ĐC TM.,TW-TB
32,Chi phí trả trước dài hạn (Mã 261),B01 – TS dài hạn,Trả trước >12 tháng; CCDC; lợi thế chờ PB…,Bản chất TS; lịch PB; rủi ro parking CP.,Key items; PS mới trong kỳ.,HĐ; bảng PB; hồ sơ lợi thế.,Thường gặp: PB quá chậm. Nâng cao: đậu CP lớn vào 261.,Đẩy CP đúng mức; ĐC LN.,TW-TB
33,Tài sản thuế TNDN hoãn lại (Mã 262),B01 – TS dài hạn,Lợi ích thuế từ CL tạm thời được khấu trừ.,XĐ CL tạm thời; thuế suất; bằng chứng LN chịu thuế tương lai; bù trừ DTL khi đủ ĐK.,100% bảng tạm thời.,Tax bridge; tờ khai; kế hoạch LN.,Thường gặp: ghi DTA khi lỗ liên tục thiếu căn cứ. Nâng cao: DTA tạo LN ảo.,Không ghi/nhập DTA thiếu căn cứ.,TW-Cao (judgmental)
34,"Thiết bị, phụ tùng thay thế DH (Mã 263)",B01 – TS dài hạn,"Phụ tùng dự trữ >12 tháng, không đủ chuẩn TSCĐ.",Tách khỏi 141; NRV/DP; hiện hữu.,Mẫu kiểm kê phụ tùng lớn.,Thẻ kho; BB kiểm kê; DP.,Để nhầm 141; không DP hàng hỏng.,Tái PL; DP.,TW-Thấp đến TB
35,Tổng cộng tài sản (Mã 270),B01 – BCĐKT,Tổng TS = Tổng nguồn vốn (440).,Cộng kiểm; 270=440; số đầu năm nhất quán.,N/A (KS tổng).,Bảng CĐKT; sổ cái.,Lệch 270≠440; sai số đầu năm.,Tìm & ĐC sai sót chi tiết.,TW-Cao nếu lệch
36,Phải trả người bán NH (Mã 311),B01 – Nợ ngắn hạn,Nợ NCC ≤12 tháng. Assertion ưu tiên: Đầy đủ & Cut-off.,Sổ 331; thư XN NCC; search unrecorded liabilities; BB ĐC công nợ.,Key NCC; NCC GD lớn SD=0; mẫu; 100% HĐ sau khóa sổ liên quan kỳ trước.,Thư NCC; HĐ; BB nhận hàng; nhật ký CT sau kỳ.,Cơ bản: sai SD. Thường gặp: thiếu cut-off mua hàng. Nâng cao: cố ý không ghi mua hàng cuối kỳ.,Ghi đủ nợ+tồn/CP; ĐC LN.,TW-Cao
37,Người mua trả tiền trước NH (Mã 312),B01 – Nợ ngắn hạn,Khách ứng trước mua HH/DV ≤12 tháng.,HĐ; tiến độ giao; khoản treo dài → hoàn tiền hoặc ghi DT sai.,Key items; lớn quá hạn giao.,HĐ; UNC thu; BB giao hàng.,Thường gặp: ghi DT khi chưa chuyển giao. Nâng cao: ứng trước vòng tròn tạo tiền giả.,Giữ 312 hoặc ghi DT đúng ĐK.,TW-TB
38,Thuế và khoản phải nộp NSNN (Mã 313),B01 – Nợ ngắn hạn,"GTGT, TNDN, TNCN, phí… còn phải nộp.",ĐC tờ khai vs 333; quyết toán; tranh chấp → DP/TM.,100% loại thuế TW.,Tờ khai; giấy nộp; BB thanh tra; thư CQT.,Cơ bản: lệch kê khai. Thường gặp: thiếu thuế T12. Nâng cao: che tranh chấp thuế.,Bổ sung phải nộp & CP thuế; TM nợ tiềm tàng.,TW-Cao
39,Phải trả người lao động (Mã 314),B01 – Nợ ngắn hạn,"Lương, thưởng còn phải trả.",Bảng lương; BHXH; trích trước T12; ĐC 334.,Tháng khóa sổ + tháng thưởng; mẫu.,Bảng lương; phiếu chi; BC BHXH.,Thường gặp: thiếu lương/thưởng cuối năm. Nâng cao: quỹ lương ngoài sổ.,Trích đủ CP & phải trả.,TW-TB
40,Chi phí phải trả NH (Mã 315),B01 – Nợ ngắn hạn,Đã nhận HH/DV hoặc chắc chắn PS nhưng chưa HĐ; lãi vay trích trước. Rủi ro 2 chiều.,Tính lại lãi vay; HĐ; CT sau kỳ; ước tính thấp/cao.,100% lãi vay; key trích trước.,HĐ vay; bảng lãi; HĐ DV; CT sau kỳ.,Cơ bản: sai lãi. Thường gặp: thiếu trích. Nâng cao: cookie jar hoặc không trích tăng LN.,ĐC trích/hoàn nhập có căn cứ.,TW-Cao
41,Phải trả nội bộ NH (Mã 316),B01 – Nợ ngắn hạn,Phải trả nội bộ ≤12 tháng (ngoài vốn KD).,ĐC 2 chiều; bù trừ tổng hợp.,100%.,Bảng ĐC nội bộ.,Không bù trừ; lệch số.,Bù trừ/ĐC.,TW-TB
42,Phải trả theo tiến độ HĐXD (Mã 317),B01 – Nợ ngắn hạn,Khách phải trả theo tiến độ > DT đã ghi lũy kế.,HĐ; tiến độ; DT đã ghi; nhất quán 134.,100% HĐ TW.,HĐ; lịch TT; bảng DT.,Sai tiến độ; không khớp DT.,ĐC 317/DT/134.,TW-TB
43,Doanh thu chưa thực hiện NH (Mã 318),B01 – Nợ ngắn hạn,"Đã thu/ghi trước nhưng nghĩa vụ còn ≤12 tháng. VD: học phí, bảo trì.",ĐK phân bổ DT; lịch nghĩa vụ; không ghi DT sớm.,100% HĐ lớn; mẫu PB.,HĐ; bảng PB DT; CT thu.,Thường gặp: PB DT sớm. Nâng cao: chuyển hết vào DT đạt KPI.,Đưa lại 318; giảm DT.,TW-TB đến Cao
44,Phải trả ngắn hạn khác (Mã 319),B01 – Nợ ngắn hạn,"BHXH, KPCĐ, nhận ký quỹ NH…",Chi tiết 338/344; ĐC BHXH; ký quỹ.,Key items.,BC BHXH; HĐ ký quỹ.,Thiếu BHXH; khoản khác không giải thích.,Ghi đủ; tái PL.,TW-Thấp đến TB
45,Vay và nợ thuê TC ngắn hạn (Mã 320),B01 – Nợ ngắn hạn,Vay/nợ thuê ≤12 tháng (gồm phần DH đến hạn).,"Thư XN NH; dư nợ, LS, TSĐB, covenant; tái PL từ 338; lãi đủ.",100% khoản vay.,Thư XN; HĐTD; lịch trả nợ; UNC.,Cơ bản: sai SD. Thường gặp: không chuyển đến hạn. Nâng cao: vay ngoài sổ; đảo nợ; giấu vi phạm covenant.,Tái PL; ghi đủ lãi; TM TSĐB & covenant.,TW-Cao + Định tính
46,Dự phòng phải trả NH (Mã 321),B01 – Nợ ngắn hạn,"Bảo hành, tái cơ cấu, hoàn nguyên, kiện tụng… ≤12 tháng.",Nghĩa vụ hiện tại? ước tính tin cậy? VAS 18; lịch sử BH.,100% ước tính TW.,CS BH; thống kê đổi trả; thư luật sư.,Thường gặp: không lập khi có nghĩa vụ. Nâng cao: big bath / không lập tăng LN.,Lập/ĐC DP & CP; TM.,TW-Cao
47,"Quỹ khen thưởng, phúc lợi (Mã 322)",B01 – Nợ ngắn hạn,Quỹ KT-PL chưa dùng (trích LNST).,NQ trích; nguồn hợp lệ; chi đúng mục đích.,100% biến động kỳ.,NQ ĐHĐCĐ/HĐQT; CT chi quỹ.,Trích vượt/sai nguồn; chi sai.,ĐC trích/chi.,TW-Thấp đến TB
48,Quỹ bình ổn giá (Mã 323),B01 – Nợ ngắn hạn,Theo quy định ngành (xăng dầu…).,ĐC quy chế ngành & SD 357.,100% nếu PS.,VB pháp lý ngành; sổ quỹ.,Trích/SD sai quy định.,ĐC theo chế độ.,TW-TB (nếu ngành áp dụng)
49,Phải trả người bán dài hạn (Mã 331),B01 – Nợ dài hạn,Nợ NCC >12 tháng.,Như 311 + kỳ hạn; tái PL phần đến hạn.,Key items.,HĐ; XN.,Không tách phần đến hạn.,Tái PL sang 311.,TW-TB
50,Người mua trả tiền trước DH (Mã 332),B01 – Nợ dài hạn,Ứng trước nghĩa vụ >12 tháng (vd. đặt chỗ BĐS).,HĐ; tiến độ; rủi ro ghi DT sớm.,100% dự án/HĐ lớn.,HĐ; lịch bàn giao.,Ghi DT khi chưa đủ ĐK.,Giữ 332 hoặc ghi DT đúng chuẩn.,TW-TB đến Cao
51,Chi phí phải trả dài hạn (Mã 333),B01 – Nợ dài hạn,Trích trước thanh toán >12 tháng (vd. lãi trả khi đáo hạn).,Tính lại; HĐ; tách NH/DH.,100% lãi/trích lớn.,HĐ vay; bảng tính.,Thiếu trích hoặc nhầm kỳ hạn.,Bổ sung/tái PL.,TW-TB
52,Phải trả nội bộ về vốn KD (Mã 334),B01 (đơn vị phụ thuộc),Vốn nhận từ cấp trên.,ĐC 213 cấp trên; bù trừ tổng hợp.,100%.,QĐ giao vốn; sổ 3361.,Không bù trừ.,Bù trừ đúng TT200.,TW-TB
53,Doanh thu chưa thực hiện DH (Mã 336),B01 – Nợ dài hạn,Nghĩa vụ thực hiện sau >12 tháng.,Lịch PB dài hạn; không chuyển hết sang DT.,HĐ dài hạn TW.,HĐ; bảng PB.,PB sớm.,ĐC về 336/318.,TW-TB
54,Phải trả dài hạn khác (Mã 337),B01 – Nợ dài hạn,"Ký quỹ nhận DH, CL bán trả chậm…",Bản chất; kỳ hạn; TM.,Key items.,HĐ; chứng từ.,Khoản khác mập mờ.,Tái PL/TM.,TW-Thấp đến TB
55,Vay và nợ thuê TC dài hạn (Mã 338),B01 – Nợ dài hạn,Vay/TP thường/nợ thuê còn hạn >12 tháng.,XN 100%; covenant; TSĐB; tách đến hạn→320; CK/PT trái phiếu.,100% vay/TP.,Thư NH; HĐTD; HĐ thuê; lịch trả.,Thường gặp: không tái PL đến hạn. Nâng cao: off-balance; giấu covenant; evergreen.,Tái PL; TM đầy đủ; xét HĐLK nếu vi phạm.,TW-Cao + Định tính
56,Trái phiếu chuyển đổi (339) & Quyền chọn (413),B01 – Nợ DH / Vốn,Phần nợ gốc TP CĐ; phần vốn ở 413.,Tách cấu phần nợ/vốn; tính lại PB.,100% đợt PH.,Phương án PH; HĐ; bảng tách.,Không tách phần vốn; sai PB lãi.,ĐC 339/413/CP lãi.,TW-TB
57,Cổ phiếu ưu đãi phân loại nợ (Mã 340),B01 – Nợ dài hạn,CPƯĐ bắt buộc mua lại → bản chất nợ.,Đọc ĐK bắt buộc mua lại; PL đúng nợ vs vốn 411b.,100%.,Điều lệ; phương án PH.,Xếp vào vốn làm đẹp đòn bẩy.,Chuyển sang nợ; TM.,TW-Cao (phân loại)
58,Thuế TNDN hoãn lại phải trả (Mã 341),B01 – Nợ dài hạn,Thuế hoãn lại từ CL tạm thời chịu thuế.,Bảng CL TT; thuế suất; bù trừ DTA khi đủ ĐK.,100%.,Tax bridge; bảng DTL.,Thiếu DTL; bù trừ sai.,ĐC 341 & 52.,TW-TB
59,Dự phòng phải trả DH (Mã 342),B01 – Nợ dài hạn,DP BH/hoàn nguyên… >12 tháng.,Như 321; tách kỳ hạn.,Khoản TW.,Thư luật sư; mô hình ước tính.,Không lập/lập quá tay.,ĐC DP.,TW-TB đến Cao
60,Quỹ PT KH&CN (Mã 343),B01 – Nợ dài hạn,Quỹ KHCN chưa sử dụng.,Chế độ trích/SD.,Biến động kỳ.,QĐ trích; CT chi.,Trích/chi sai.,ĐC theo chế độ.,TW-Thấp đến TB
61,"Vốn góp của chủ sở hữu (411, 411a, 411b)",B01 – Vốn CSH,Vốn thực góp; CTCP theo mệnh giá.,ĐKDN; sổ CĐ; tiền/TS thực góp; định giá TS góp.,100% biến động vốn kỳ.,ĐKDN; UNC góp vốn; BB định giá; sổ CĐ.,Cơ bản: sai mệnh giá. Thường gặp: ghi vốn chưa góp đủ. Nâng cao: góp vốn ảo/rút vốn; thổi giá TS góp.,ĐC vốn & TS; TM; xét tuân thủ LDN.,TW-Cao + Định tính
62,Thặng dư vốn cổ phần (Mã 412),B01 – Vốn CSH,CL giá PH vs mệnh giá; CP phát hành.,ĐC phương án PH; CT thu; hạch toán CP PH.,100% đợt PH.,NQ PH; UNC; HĐ tư vấn.,Sai thặng dư; đưa nhầm vào LN.,ĐC 412/vốn/LN.,TW-TB
63,Cổ phiếu quỹ (Mã 415),B01 – Vốn CSH,CP mua lại (ghi âm).,QĐ mua lại; giá mua; ĐK mua CP quỹ.,100%.,NQ; CT giao dịch.,Ghi sai giá/ĐK.,ĐC theo giá mua & TM.,TW-TB
64,CL đánh giá lại TS (416) & CL tỷ giá (417),B01 – Vốn CSH,CL ĐG lại khi PL cho phép; CL TG đặc thù/chuyển đổi BCTC.,Căn cứ PL ĐG lại; tỷ giá CĐ; không dùng tùy tiện tăng vốn.,100% PS.,BB định giá; VB cho phép; bảng CĐ.,ĐG lại không căn cứ; đảo CL TG sai.,Đảo BT/TM đúng.,TW-TB + Định tính
65,"Quỹ ĐTPT (418), quỹ khác (420)",B01 – Vốn CSH,Trích từ LNST theo NQ.,NQ; tỷ lệ trích; SD còn lại.,Biến động kỳ.,NQ ĐHĐCĐ; sổ quỹ.,Trích vượt LN có thể PP.,ĐC quỹ ↔ 421.,TW-Thấp đến TB
66,LNST chưa phân phối (421=421a+421b),B01 – Vốn CSH,Lãi/lỗ chưa PP; 421b khớp B02 Mã 60 (sau PP trong kỳ).,Bảng biến động VCSH; NQ PP; khớp 421b↔LNST.,100% dòng biến động.,B02; NQ cổ tức/quỹ; sổ 421.,Cơ bản: lệch B02. Thường gặp: chia cổ tức khi không đủ LN. Nâng cao: ĐC thẳng VCSH che lỗ B02.,ĐC phân phối; đồng bộ B01/B02.,TW-Cao
67,Nguồn vốn ĐTXDCB (422) & Nguồn kinh phí (430–432),B01 – Vốn/nguồn,Nguồn XDCB; kinh phí SN/dự án; nguồn đã hình thành TSCĐ.,QĐ cấp; CT chi; quyết toán; khớp TSCĐ.,100% nếu PS TW.,QĐ cấp; CT chi; QT dự án.,Chi sai mục đích; không QT.,ĐC nguồn/TS/CP; kiến nghị thu hồi nếu sai.,TW-TB (DNNN/sự nghiệp)
68,Tổng cộng nguồn vốn (Mã 440),B01 – BCĐKT,Phải = Tổng TS 270.,Cộng kiểm; 270=440.,N/A.,Bảng CĐKT.,Mất cân đối.,ĐC khoản mục chi tiết.,TW-Cao nếu lệch
69,Doanh thu BH & CC DV (Mã 01),B02 – KQHĐKD,Tổng DT trước giảm trừ; không gồm thuế GTGT/XK/TTĐB. Giả định rủi ro gian lận VSA 240.,VAS 14; phân tích tháng/quý; vouching; cut-off ±7–15 ngày; XN điều khoản; ĐC thuế; tách nội bộ/bên LQ.,100% HĐ>PM; top KH; bên LQ TW; mẫu dày T12.,HĐ/PO; HĐĐT; PXK; vận đơn; BBNT; thư XN; tờ khai thuế; side letter.,Cơ bản: sai giá/SL/TG. Thường gặp: ghi DT chưa NT; quên tách thuế. Nâng cao: channel stuffing; round-tripping; fake HĐ; pull-in; bill-and-hold.,Giảm DT(&PT); tăng tồn; chỉnh GV; thông báo Ban QT nếu gian lận.,TW-Cao + Định tính
70,Các khoản giảm trừ DT (Mã 02),B02 – KQHĐKD,"CKTM, giảm giá, hàng bán bị trả lại (521).",CS CKTM; phê duyệt; hàng trả sau khóa sổ = sự kiện ĐC; không đẩy sang CPBH.,100% lớn; mẫu phiếu trả quanh khóa sổ.,PNT trả; HĐ ĐC; NQ giảm giá.,Thường gặp: quên giảm trừ. Nâng cao: đẩy trả hàng sang kỳ sau.,Tăng 02/giảm 10; ĐC tồn & PT.,TW-Cao
71,Doanh thu thuần (Mã 10=01−02),B02 – KQHĐKD,DT sau giảm trừ – chỉ tiêu phân tích cốt lõi.,KS công thức; TM theo dòng DT.,N/A (phái sinh).,B02; TM DT.,Sai CT; TM không khớp.,Sửa 01/02/TM.,TW-Cao
72,Giá vốn hàng bán (Mã 11),B02 – KQHĐKD,Vốn hàng/DV đã bán → LN gộp.,Tồn đầu+Nhập−Tồn cuối; tính lại giá xuất; khớp 141; cut-off; hao hụt; biên gộp.,Mẫu phiếu xuất; 100% ĐC lớn vào 632.,Giá thành; PXK; BB kiểm kê; NQ hao hụt.,Cơ bản: sai giá xuất. Thường gặp: lệch tồn cuối. Nâng cao: giảm GV bằng thổi tồn; tăng GV giảm thuế.,ĐC 11↔141/CP.,TW-Cao
73,Lợi nhuận gộp (Mã 20=10−11),B02 – KQHĐKD,Chỉ báo sức khỏe KD cốt lõi. VD: biên gộp 25%.,Phân tích biên theo SP/tháng/ngành; giải thích BĐ; ĐC CFO.,Toàn bộ PA + khoan sâu biên bất thường.,Bảng PA biên; dữ liệu ngành.,Biên tăng đột biến không giải thích → dấu hiệu đỏ.,ĐC 10/11; nêu chất lượng LN.,TW-Cao (phân tích)
74,Doanh thu HĐ tài chính (Mã 21),B02 – KQHĐKD,"Lãi TG/cho vay, cổ tức, FX, bán CK… (515).",Vouching HĐ; cổ tức có quyền hưởng; tính lại FX.,Key items; 100% cổ tức/lãi lớn.,HĐ TG; sao kê lãi; NQ chia tức; bảng FX.,Thường gặp: ghi lãi/cổ tức chưa hưởng. Nâng cao: lãi ảo CK nội bộ.,Đảo DT TC; ĐC PT lãi.,TW-TB
75,Chi phí tài chính (Mã 22),B02 – KQHĐKD,"Lãi vay, lỗ FX, lỗ CK, CKTT…",Tính lại lãi vs dư vay; XN NH; vốn hóa lãi 242 đủ ĐK?.,100% lãi vay; mẫu FX/lỗ CK.,HĐTD; thư NH; bảng VH lãi.,Thường gặp: thiếu lãi cuối kỳ; VH sai. Nâng cao: chuyển lãi thành TS.,Bổ sung CP lãi hoặc giảm TS DD.,TW-Cao
76,Trong đó: Chi phí lãi vay (Mã 23),B02 – KQHĐKD,Phần lãi vay – ĐC trực tiếp 320/338/315.,Tách lãi vay; khớp vay BQ × LS.,100%.,Bảng tính lãi; UNC trả lãi.,Gộp nhầm; thiếu TM.,Tách đúng; ĐC số.,TW-TB đến Cao
77,Chi phí bán hàng (Mã 24),B02 – KQHĐKD,"Marketing, VC bán, hoa hồng, BH…",PA 24/DT; vouching; cut-off; PB; bên LQ; không đẩy trả trước/TSCĐ sai.,Key items cuối kỳ; mẫu HĐ QC/VC; 100% bên LQ.,HĐ; HĐĐT; BBNT; UNC.,Cơ bản: sai TK. Thường gặp: thiếu cut-off. Nâng cao: HĐ khống / giấu CP.,Ghi đúng kỳ/khoản mục; loại HĐ không hợp lệ.,TW-TB đến Cao
78,Chi phí quản lý DN (Mã 25),B02 – KQHĐKD,"Lương QP, DV mua ngoài, DP PT, CCDC…",Như 24 + DP 137; quỹ lương; đậu 151/261/242; search unrecorded expenses.,Key items; BT thủ công cuối kỳ; mẫu không HĐ.,Bảng lương; HĐ thuê ngoài; bảng DP; CT sau kỳ.,Thường gặp: thiếu CP T12. Nâng cao: chi hộ CN; vốn hóa che CP; thổi CP.,ĐC CP/TS/DP; đánh giá gian lận.,TW-Cao
79,LN thuần từ HĐKD (Mã 30),B02 – KQHĐKD,KQ KD cốt lõi trước HĐ khác.,KS CT; nếu 30 thấp mà 50 cao nhờ 31 → chất lượng LN yếu.,PA cấu trúc LN.,B02; TM.,Phụ thuộc TN khác làm đẹp LN.,Nhấn mạnh ĐG; ĐC thành phần.,TW-Cao (phân tích)
80,Thu nhập khác (Mã 31),B02 – KQHĐKD,"Thanh lý TSCĐ, bồi thường… không thường xuyên.",Vouching BBTL/HĐ; giá vs bên LQ; TM.,100% khoản TW/bất thường.,BBTL; HĐ; UNC; sổ TSCĐ.,Thường gặp: PL sai DT↔TN khác. Nâng cao: bán TS bên LQ trên giá.,ĐC PL/giá; bổ sung TM bên LQ.,TW-TB + Định tính
81,Chi phí khác (Mã 32),B02 – KQHĐKD,"GTCL TS TL, phạt, bồi thường…",Vouching; đủ khi có TN khác; cut-off.,100% khoản TL lớn.,BBTL; QĐ phạt; CT.,Ghi thiếu CP khác; che phạt.,Bổ sung CP; TM.,TW-TB
82,Lợi nhuận khác (Mã 40=31−32),B02 – KQHĐKD,KQ hoạt động khác.,Tỷ trọng |40|/|50|; nếu lớn → bền vững LN?.,PA.,B02.,Dùng 40 đạt KPI.,Công bố rõ; ĐC nếu sai.,TW-TB (định tính chất lượng LN)
83,Tổng LN KT trước thuế (Mã 50),B02 – KQHĐKD,Gốc tính thuế & điểm xuất phát B03 PP gián tiếp.,Khớp 911/TM; khớp B03 Mã 01 (PP GT).,KS tổng.,B02; B03; sổ cái.,Lệch B03/TM.,Đồng bộ 3 BC.,TW-Cao
84,Chi phí thuế TNDN hiện hành (Mã 51),B02 – KQHĐKD,Thuế phải nộp trên LN chịu thuế kỳ này.,Tax bridge LNKT→LNCT; thuế suất/ưu đãi; khớp 3334 & tờ khai.,100% bảng tính thuế.,Tờ khai QT; tax bridge; VB ưu đãi.,Thường gặp: không loại CP không được trừ. Nâng cao: khai ưu đãi khi mất ĐK.,ĐC thuế & phải nộp; TM rủi ro thuế.,TW-Cao
85,Chi phí thuế TNDN hoãn lại (Mã 52),B02 – KQHĐKD,Biến động DTA/DTL trong kỳ.,Khớp BĐ 262/341; DTA chỉ khi có LN CT tương lai.,100%.,Bảng tạm thời; KH LN.,Ghi thuế hoãn lại tạo LN.,ĐC 52 & B01.,TW-Cao
86,LNST TNDN (Mã 60),B02 – KQHĐKD,LN cuối; khớp 421b B01 (sau PP).,ĐC 60↔421b; ảnh hưởng EPS/cổ tức.,KS khớp liên BC.,B01; B02; bảng BĐ vốn.,Lệch vốn; ĐC thẳng VCSH bỏ qua B02.,ĐC đồng bộ 3 BC.,TW-Cao
87,Lưu chuyển tiền thuần HĐKD – CFO (Mã 20),B03 – LCTT,Tiền từ KD cốt lõi. CFO bền vững = chất lượng LN tốt.,PP TT: ĐC thu/chi tiền. PP GT: tái lập từ LN+phi tiền+ΔVLD. Khớp Δ131/140/311; PL đúng lãi/thuế.,Tái lập toàn bộ CFO; 100% ĐC lớn.,B01; B02; sổ KH/DP; sổ tiền; thư NH.,Cơ bản: sai dấu ΔVLD. Thường gặp: nhầm lãi vay vào CFF. Nâng cao: trì hoãn trả NCC thổi CFO; PL Capex thành HĐKD.,Sửa PL/ĐC; ĐG lại thanh khoản; TM bất thường.,TW-Cao + Định tính
88,Chỉ tiêu thành phần CFO – PP trực tiếp,B03 – LCTT,Chi tiết tạo Mã 20. VD: thu bán hàng; chi trả NCC.,ĐC sổ tiền theo 3 luồng; khớp DT & ΔPT; mua hàng & ΔPT/tồn.,Key dòng lớn; 100% T12.,Sổ 111/112; UNC; bảng kê thu.,Gộp sai nội dung; bỏ sót dòng.,Tách đúng chỉ tiêu; khớp CFO.,TW-TB đến Cao
89,Điều chỉnh LN→CFO (PP gián tiếp),B03 – LCTT,Cầu nối LN KT và tiền thật. VD: +KH; −tăng PT.,Từng dòng tick-and-tie về số đã KT; không ĐC khác không giải thích.,100% dòng B03 GT.,WP KH; DP; bảng BĐ VLD.,Thường gặp: quên loại lãi TL TS. Nâng cao: bịa ĐC để CFO khớp mục tiêu.,Tái lập B03; loại dòng không căn cứ.,TW-Cao
90,Lưu chuyển tiền HĐ đầu tư – CFI,B03 – LCTT,"Mua/bán TSCĐ, XDCB, ĐTTC, cho vay.",ĐC số tiền thực chi/thu (không lấy NG nếu còn nợ); vouching Capex.,100% dự án/TS lớn; mẫu TL.,HĐ mua TS; UNC; BBTL; sổ 211/242.,Thường gặp: ghi full NG như đã trả hết. Nâng cao: bán TS bên LQ tạo CFI giả.,Sửa số tiền & PL; TM GD phi tiền.,TW-Cao
91,Lưu chuyển tiền HĐ tài chính – CFF,B03 – LCTT,"Nhận vốn, đi vay, trả gốc, trả cổ tức.",Khớp BĐ 411/320/338; XN NH; NQ cổ tức↔tiền trả; GD phi tiền không vào CFF.,100% vay/vốn/cổ tức TW.,Thư NH; HĐTD; NQ ĐHĐCĐ; UNC.,Thường gặp: trả gốc xếp nhầm CFO. Nâng cao: vay mới ghi như thu KD.,PL lại CFF/CFO; TM hạn mức/đảo nợ.,TW-Cao
92,Ảnh hưởng tỷ giá & Tiền cuối kỳ,B03 – LCTT,FX trên SD tiền; tiền cuối = Mã 110 B01.,Tính lại FX; ĐC 110; ĐN tương đương tiền.,100% NT TW; ĐC bắt buộc 110.,Bảng TG; sổ tiền FX; B01.110.,Gộp FX vào 3 luồng; lệch tiền CK; nhầm TGCK dài vào tiền.,Tách FX; chỉnh 110/112/123; đồng bộ B01–B03.,TW-Cao
93,Tổng lưu chuyển tiền thuần trong kỳ,B03 – LCTT,CFO+CFI+CFF±FX = BĐ tiền.,Cộng kiểm; PA cơ cấu 3 luồng nhiều năm (LN đẹp–tiền yếu).,Toàn bộ BC + trend 3 năm.,B03 các năm; PA.,BC cân nhưng PL sai.,Sửa PL; nhấn mạnh R thanh khoản.,TW-Cao (định tính PA)
94,Đặc điểm HĐ & kỳ KT / ĐVT,B09 – Thuyết minh,"Mô tả ngành, chu kỳ KD, năm TC, ĐVT.",Khớp ĐKDN & thực tế; đổi kỳ KT phải TM ảnh hưởng.,Đọc 100% + ĐC hồ sơ PL.,ĐKDN; điều lệ; NQ đổi kỳ.,Mô tả sai ngành; đổi kỳ lệch so sánh.,Bổ sung/sửa TM.,TW-Thấp + Định tính nếu gây hiểu nhầm
95,Tuyên bố chuẩn mực & chế độ KT,B09 – Thuyết minh,VAS/TT200 hoặc IFRS.,Khớp khuôn khổ thực tế; lựa chọn CS có giải thích.,100%.,BCTC; VB chấp thuận.,Khai tuân thủ nhưng thực tế chệch chuẩn.,ĐC số liệu & tuyên bố.,Định tính – có thể TW
96,Các chính sách kế toán áp dụng,B09 – Thuyết minh,"Cách đo lường DT, tồn, KH, DP, FX, thuế…",CS đủ cụ thể; nhất quán sổ sách; đổi CS/ước tính phải công bố.,So khớp từng CS với thực tế HT (mẫu GD).,TM; sổ cái; NQ đổi CS.,Thường gặp: CS chung chung. Nâng cao: mô tả ≠ hạch toán; đổi CS ngầm tăng LN.,Viết lại CS; ĐC số liệu theo chuẩn.,TW-Cao (nếu lệch thực tế)
97,TM chi tiết các khoản mục B01/B02,B09 – Thuyết minh,Bảng số liệu chi tiết khớp BC chính. VD: aging PT; BĐ TSCĐ.,Tick-and-tie về B01/B02/B03; tổng = chỉ tiêu; đầu năm = cuối năm trước.,100% chỉ tiêu TW; mẫu nhỏ.,B09; B01/B02; sổ CT.,Cơ bản: lệch số. Thường gặp: thiếu cột SS. Nâng cao: chi tiết đẹp ≠ sổ gốc.,Sửa TM khớp; ĐC BC chính nếu sai.,TW-TB đến Cao
98,Giao dịch & số dư bên liên quan,B09 – Thuyết minh,"Công bố quan hệ, GD, SD, ĐK giá, lương BLD.",VSA 550; rà sổ cái; đọc HĐ; so biên LN nội bộ; XN SD.,100% bên LQ đã biết + tìm bên chưa CB.,ĐKDN các bên; HĐ; sổ CT; thư XN; NQ lương.,Thường gặp: liệt kê thiếu. Nâng cao: round-tripping; chuyển giá; rút vốn.,Bổ sung TM; ĐC giá/số liệu; ĐG gian lận.,TW-Cao + Định tính
99,Cam kết ngoại bảng & nợ tiềm tàng,B09 – Thuyết minh,"Bảo lãnh, kiện tụng, cam kết mua TS, L/C…",Thư luật sư; HĐTD; XN NH bảo lãnh; ĐG mất mát → DP hoặc TM.,100% BL/kiện TW.,Thư LS; HĐ BL; thư NH; hồ sơ kiện.,Thường gặp: quên CB. Nâng cao: che BL bên LQ; side letter.,Bổ sung TM; lập DP nếu gần chắc chắn.,TW-Cao + Định tính
100,Tài sản thế chấp / hạn chế sử dụng,B09 – Thuyết minh,"TSCĐ, tồn, PT, tiền phong tỏa thế chấp vay.",Khớp thư NH; DM TS thế chấp; GTCL.,100% vay có TSĐB.,HĐ thế chấp; thư NH; sổ TSCĐ.,Không CB → ĐG sai thanh khoản.,Bổ sung TM; ĐC 320/338.,TW-Cao (định tính)
101,"TM vay, LS, kỳ hạn, covenant",B09 – Thuyết minh,Chi tiết dư nợ; đến hạn; vi phạm ĐK vay.,HĐTD; thư NH; tuân thủ covenant; sự kiện sau kỳ.,100% vay TW.,HĐTD; PL covenant; thư NH; NQ đảo nợ.,Giấu vi phạm covenant; xếp quá hạn vẫn DH.,Tái PL vay; bổ sung TM; xét VSA 570.,TW-Cao + Định tính
102,Ước tính kế toán trọng yếu,B09 – Thuyết minh,"Cơ sở DP, thời gian KH, % HĐXD, GTHL…",ĐG thiên lệch 1 chiều VSA 540; back-test; độ nhạy.,100% ước tính TW.,Mô hình UT; dữ liệu LS; giải trình BGĐ.,UT luôn tăng LN; thiếu CB giả định.,ĐC UT về khoảng hợp lý; TM độ nhạy.,TW-Cao
103,Sự kiện sau ngày kết thúc kỳ KT,B09 – Thuyết minh,SK điều chỉnh vs không ĐC (VSA 560).,Thủ tục sau khóa sổ đến ngày PH BCTC/BCKT.,Rà soát đến ngày PH.,CT sau kỳ; thư LS; NQ HĐQT.,Bỏ qua SK ĐC giữ LN; không TM SK không ĐC nhưng TW.,ĐC số liệu hoặc bổ sung TM.,TW-Cao
104,Hoạt động liên tục,B09 – Thuyết minh,Khả năng tiếp tục HĐ ≥12 tháng.,"PA thanh khoản, lỗ LK, CFO, covenant, hỗ trợ CĐ/NH; KH BGĐ VSA 570.",ĐG toàn diện khi có dấu hiệu.,KH dòng tiền; thư hỗ trợ; HĐTD.,Che nghi ngờ HĐLK; lập sai cơ sở.,Bổ sung TM; đoạn nhấn mạnh/ý kiến; chuyển cơ sở lập nếu cần.,TW-Cao + Định tính
105,Thông tin bộ phận / tập trung rủi ro,B09 – Thuyết minh,DT theo SP/địa bàn; KH lớn.,Khớp DL quản trị; phát hiện chuyển lỗ bộ phận.,Bộ phận TW.,BC quản trị; TM bộ phận.,Che mảng lỗ; không CB phụ thuộc KH lớn.,Bổ sung TM; ĐC nếu PB sai.,TW-TB + Định tính
106,Thuế và ưu đãi thuế,B09 – Thuyết minh,Căn cứ ưu đãi; năm chưa QT; CL tạm thời CT.,ĐK ưu đãi còn thỏa?; R thanh tra thuế năm mở.,100% ưu đãi & tranh chấp.,GCN ưu đãi; QĐ dự án; hồ sơ thuế.,Khai ưu đãi khi mất ĐK; giấu QT treo.,ĐC thuế; TM rủi ro; DP nếu cần.,TW-Cao
107,Thù lao HĐQT/Ban TGĐ & TT quản lý,B09 – Thuyết minh,"CB thù lao, GD với người quản lý.",ĐC HĐ/NQ; đủ theo LDN/CK (nếu CTĐC).,100%.,NQ; HĐ; bảng lương LĐ.,CB thiếu/sai; che GD người có LQ.,Bổ sung TM; ĐG tuân thủ.,Định tính – thường TW với người dùng
108,Liên kết B01–B02–B03–B09,Tổng hợp 4 báo cáo,"BCTC là hệ thống nhất quán, không đẹp từng tờ.",KS: 270=440; 60↔421b; 50↔B03 GT; 110↔tiền cuối; TM tick-and-tie; bên LQ vs SD.,100% KS khớp.,Bộ BCTC; WP ĐC.,Chỉ chỉnh 1 BC; TM mâu thuẫn.,ĐC đồng bộ cả bộ BCTC.,TW-Cao
